,title,price_idr,city,district,bedrooms,bathrooms,garage,land_size_m2,building_size_m2,scraped_at
8562,Rumah 2 Lantai Strategis Gunung Sahari Jakarta Barat,2900000000.0,Jakarta Pusat,Gunung Sahari,5.0,5.0,2.0,166.0,300.0,2026-04-28T10:20:08.253497+00:00
5326,Rumah Cantik 8X17 di Garden House Pik,6400000000.0,Jakarta Utara,Pantai Indah Kapuk,4.0,3.0,2.0,136.0,160.0,2026-04-28T07:03:23.557191+00:00
9647,Di Jual Rumah Lokasi Strategis Pinggir Jalan Daerah Kemayoran,2850000000.0,Jakarta Pusat,Kemayoran,3.0,2.0,,186.0,165.0,2026-04-28T11:19:08.235646+00:00
2842,"Rumah 8X15 SHM 2.5 Lantai di Kosambi Baru, Duri Kosambi",1900000000.0,Jakarta Barat,Duri Kosambi,4.0,3.0,2.0,120.0,180.0,2026-04-28T04:35:15.207853+00:00
5120,"Rumah Gandeng 2 Jadi 1 Bagus Shm Luas T 180, Gading Elok Timur",3800000000.0,Jakarta Utara,Kelapa Gading,10.0,4.0,6.0,180.0,120.0,2026-04-28T06:50:57.811236+00:00
5909,Dijual Rumah di Lilin Raya,4000000000.0,Jakarta Utara,Kelapa Gading,14.0,5.0,1.0,160.0,280.0,2026-04-28T07:35:57.746257+00:00
7454,",Rumah Minimalis Bebas Banjir di Condet, Jakarta Timur",395000000.0,Jakarta Timur,Condet,2.0,1.0,1.0,20.0,40.0,2026-04-28T09:05:54.934179+00:00
563,"Kemang - Rumah Lama Siap Bongkar, Nilai di Tanahnya!",11500000000.0,Jakarta Selatan,Kemang,6.0,4.0,2.0,640.0,318.0,2026-04-28T02:19:26.894818+00:00
1463,Rumah Strategis di Cendrawasih Bintaro Sektor 1Jakarta Selaran,5200000000.0,Jakarta Selatan,Bintaro,7.0,5.0,,304.0,225.0,2026-04-28T03:12:02.785922+00:00
5560,Rumah Baru Lux Modern Eropa di Imperial Gading,5800000000.0,Jakarta Utara,Kelapa Gading,5.0,4.0,2.0,217.0,270.0,2026-04-28T07:17:15.361055+00:00
8831,Dijual Rumah Cempaka Putih Dibawah NJOP,8500000000.0,Jakarta Pusat,Cempaka Putih,6.0,4.0,4.0,450.0,310.0,2026-04-28T10:34:17.479620+00:00
3411,Rumah 3 Lantai Di City Resort Taman Palem Cengkareng Jakarta Barat,3050000000.0,Jakarta Barat,Taman Palem,5.0,5.0,3.0,108.0,260.0,2026-04-28T05:08:47.130323+00:00
3095,Rumah Taman Semanan Indah Posisi Strategis Jual Murah,1600000000.0,Jakarta Barat,Cengkareng,4.0,4.0,2.0,96.0,106.0,2026-04-28T04:50:00.451143+00:00
3295,Rumah Baru Minimalis Modern Kavling Polri Jelambar Jakarta Barat,3100000000.0,Jakarta Barat,Jelambar,4.0,5.0,1.0,60.0,219.0,2026-04-28T05:02:14.327564+00:00
44,"""Jual Cepat Harga Bersahabat"" untuk Rumah Lux ~ Sektor Favorit di ""Pondok Indah""",32000000000.0,Jakarta Selatan,Pondok Indah,5.0,6.0,8.0,634.0,720.0,2026-04-28T01:51:20.578050+00:00
4244,Jual Butuh Uang Rumah Cluster Kelapa Gading LT 9X20,4800000000.0,Jakarta Utara,Kelapa Gading,5.0,4.0,,180.0,270.0,2026-04-28T05:57:34.180634+00:00
1790,"RUMAH BRAND NEW di Jl ALAM ASRI, PONDOK INDAH",18000000000.0,Jakarta Selatan,Pondok Indah,6.0,5.0,,300.0,425.0,2026-04-28T03:35:52.222626+00:00
1781,Dijual Rumah Modern Mewah Di Bintaro Jaya Sektor 2,4950000000.0,Jakarta Selatan,Sektor 2 - Bintaro,6.0,5.0,,270.0,400.0,2026-04-28T03:35:19.444709+00:00
8671,Rumah 2 Lantai Dalam Gang Harga Terjangkau di Johar Baru Jakarta,350000000.0,Jakarta Pusat,Johar Baru,2.0,1.0,,20.0,40.0,2026-04-28T10:25:44.750191+00:00
9549,Rumah Luas di Pusat Kota Akses Jalan 2 Mobil,5500000000.0,Jakarta Pusat,Johar Baru,5.0,3.0,1.0,306.0,208.0,2026-04-28T11:13:55.200246+00:00
7335,Rumah Nyaman Murah Cijantung Jakarta Timur,825000000.0,Jakarta Timur,Pasar Rebo,3.0,2.0,,67.0,60.0,2026-04-28T08:58:31.033170+00:00
8601,Dijual Rumah Baru Minimalis di Cempaka Putih,2500000000.0,Jakarta Pusat,Cempaka Putih,4.0,3.0,1.0,124.0,240.0,2026-04-28T10:22:09.376304+00:00
16,Rumah Siap Huni Kebayoran Baru Dekat Scbd,22500000000.0,Jakarta Selatan,Kebayoran Baru,5.0,4.0,3.0,366.0,500.0,2026-04-28T01:49:55.920335+00:00
3029,Rumah Brandnew dan Lokasi Bagus Taman Villa Meruya Area Jakarta Barat,2750000000.0,Jakarta Barat,Meruya,4.0,5.0,,125.0,168.0,2026-04-28T04:46:06.269233+00:00
4838,Rumah Dijual Cepat Komplek Pademangan 5.5X14,2600000000.0,Jakarta Utara,Pademangan,4.0,3.0,1.0,77.0,180.0,2026-04-28T06:35:05.898446+00:00
5906,Rumah baru murah 2 lantai kelapa gading,3500000000.0,Jakarta Utara,Kelapa Gading,4.0,3.0,2.0,120.0,150.0,2026-04-28T07:35:47.790618+00:00
1595,"Dijual Rumah TERMURAAAH di Bintaro Utara,Jakarta Selatan",6600000000.0,Jakarta Selatan,Bintaro,8.0,3.0,2.0,378.0,350.0,2026-04-28T03:23:05.003447+00:00
3015,Dijual Rumah Daerah Meruya,3700000000.0,Jakarta Barat,Meruya,5.0,4.0,,128.0,384.0,2026-04-28T04:45:20.700094+00:00
2787,Rumah Semi Furnished Dijual Green Ville Hadap Selatan SHM 150M2,2800000000.0,Jakarta Barat,Green Ville,5.0,3.0,2.0,150.0,120.0,2026-04-28T04:32:11.121188+00:00
2766,Rumah Siap Huni Hook Dekat Pasar Kopro Tanjung Duren Jakbar,2300000000.0,Jakarta Barat,Tanjung Duren Utara,4.0,3.0,,72.0,100.0,2026-04-28T04:31:00.458837+00:00
8133,"Lokasi Ring 1 Menteng, Gol C, Lokasi Rindang, Ada Kolam Renang",85000000000.0,Jakarta Pusat,Menteng,6.0,6.0,4.0,675.0,500.0,2026-04-28T09:56:56.536035+00:00
4660,Rumah Mewah di Pantai Indah Kapuk. Siap Huni Full Furnish,50000000000.0,Jakarta Utara,Pantai Indah Kapuk,4.0,4.0,6.0,660.0,1850.0,2026-04-28T06:21:35.061062+00:00
3237,Rumah 2 Lantai Di Taman Palem Lestari Jkt Barat,2900000000.0,Jakarta Barat,Taman Palem,3.0,2.0,1.0,120.0,120.0,2026-04-28T04:58:54.830849+00:00
7297,Dijual Rumah di Jakarta Harga Murah,1100000000.0,Jakarta Timur,Ciracas,4.0,2.0,,61.0,80.0,2026-04-28T08:56:01.718127+00:00
9495,"Dijual Kos & Kios Strategis Kemayoran Jakarta Pusat - 13 Kamar + 7 Kios, Cocok Investasi Passive Income",4900000000.0,Jakarta Pusat,Kemayoran,13.0,5.0,2.0,162.0,360.0,2026-04-28T11:10:54.565931+00:00
9337,Rumah Mewah Strategis Dekat Akses KRL di Menteng Jakpus Lr-7405,55000000000.0,Jakarta Pusat,Menteng,4.0,3.0,5.0,575.0,318.0,2026-04-28T11:02:20.019635+00:00
5716,Dijual Cepat‼️ Rumah Pik2 Cluster Riverside Hoek SHM,3000000000.0,Jakarta Utara,Pantai Indah Kapuk 2,3.0,2.0,2.0,90.0,120.0,2026-04-28T07:25:39.726783+00:00
3022,Mtp Taman Palem 6X16m Utara 2.5 Lantai Bagus Terawat Banget,2500000000.0,Jakarta Barat,Taman Palem,3.0,3.0,2.0,96.0,150.0,2026-04-28T04:45:41.669841+00:00
7671,Dijual Cepat!!! Rumah Minimalis Brand New 2 Lantai di Kayu Putih. Harga Murah (Masih Nego). Hadap Selatan.,2250000000.0,Jakarta Timur,Kayu Putih,3.0,2.0,1.0,84.0,140.0,2026-04-28T09:25:58.273051+00:00
7941,Rumah Tua di Rawamangun Tenang Sepi,2600000000.0,Jakarta Timur,Rawamangun,2.0,1.0,,180.0,100.0,2026-04-28T09:45:57.885549+00:00
8422,Rumah Layak Huni 303m2 Di Cempaka Putih Barat 5.3m Saja !!,5000000000.0,Jakarta Pusat,Cempaka Putih,4.0,4.0,3.0,303.0,210.0,2026-04-28T10:12:40.596233+00:00
882,Rumah Bagus Pondok Indah SHM Luas Siap Huni dengan Garasi Basemen,9500000000.0,Jakarta Selatan,Pondok Indah,5.0,5.0,3.0,250.0,438.0,2026-04-28T02:37:17.611391+00:00
5322,Rumah Mewah 3 Lantai di Bandengan Jakarta Utara,6900000000.0,Jakarta Utara,Bandengan,5.0,3.0,,150.0,400.0,2026-04-28T07:03:10.234079+00:00
6844,Dijualrumah 2 Lantaicluster Teresta Metland Menteng Jakarta,1450000000.0,Jakarta Timur,Cakung,3.0,3.0,,96.0,100.0,2026-04-28T08:29:01.715723+00:00
7795,Rumah Mewah Cipayung Akses Tol Jorr Dan Lrt Harga Menarik,10000000000.0,Jakarta Timur,Cipayung,16.0,12.0,12.0,661.0,500.0,2026-04-28T09:33:20.396639+00:00
9323,Rumah Mewah Strategis Ada Swimming Pool Dekat Plaza Indonesia di Menteng Jakpus Lr-7398-7405,104000000000.0,Jakarta Pusat,Menteng,14.0,3.0,9.0,1308.0,866.0,2026-04-28T11:01:34.979298+00:00
3775,O Dijual Rumah 2 Lantai di Perumahan Puri Kencana,11000000000.0,Jakarta Barat,Kembangan,4.0,2.0,2.0,360.0,287.0,2026-04-28T05:29:42.329226+00:00
7375,Rumah 6X15 Siap Huni Dalam Cluster di Jakarta Garden City,2000000000.0,Jakarta Timur,Cakung,3.0,4.0,2.0,90.0,200.0,2026-04-28T09:01:02.996851+00:00
5290,"Di Jual Rumah Teluk Gong Siap Huni,jakarta Utara",2900000000.0,Jakarta Utara,Teluk Gong,4.0,3.0,1.0,60.0,120.0,2026-04-28T07:01:17.432313+00:00
2848,"Dijual Termurah Butuh Cepat Rumah Gandeng Hook ( 12X36 ) Kosambi Baru - Duri Kosambi, Cengkareng",3300000000.0,Jakarta Barat,Cengkareng,4.0,3.0,5.0,432.0,468.0,2026-04-28T04:35:37.658622+00:00
2811,Rumah Mangga Besar Akses Motor,650000000.0,Jakarta Barat,Mangga Besar,2.0,1.0,,42.0,80.0,2026-04-28T04:33:38.674740+00:00
8150,Rumah Second Siap Huni Dalam Komplek di Cempaka Putih,9900000000.0,Jakarta Pusat,Cempaka Putih,6.0,5.0,2.0,343.0,500.0,2026-04-28T09:57:57.766181+00:00
8583,Jual Cepat Rumah Gunung Sahari Murah !!!,2900000000.0,Jakarta Pusat,Gunung Sahari,4.0,4.0,3.0,166.0,225.0,2026-04-28T10:21:13.569200+00:00
6098,Rumah LT 620 SHM 10 Mnt ke Gerbang Tol Pulo Gebang Siap Huni J-45706,14500000000.0,Jakarta Timur,Duren Sawit,,,,620.0,450.0,2026-04-28T07:47:12.909941+00:00
6291,Jual Rumah Dalam Komplek di Rawamangun Jakarta Timur,3200000000.0,Jakarta Timur,Rawamangun,5.0,4.0,2.0,146.0,200.0,2026-04-28T07:58:15.398755+00:00
3453,"Dijual Rumah 2Lt Full Furnish, Siap Huni 10X18 The Riviera Metland Puri",6500000000.0,Jakarta Barat,Metland Puri,4.0,4.0,3.0,180.0,211.0,2026-04-28T05:11:10.605962+00:00
4931,"Rumah 3 Lantai Swasembada Barat Tanjung Priok, Jakarta Utara",2300000000.0,Jakarta Utara,Tanjung Priok,6.0,5.0,2.0,174.0,350.0,2026-04-28T06:40:26.015094+00:00
6560,Rumah Hoek Pulo Gadung Jl Kayu Mas 431m² Hadap Timur Selatan,9000000000.0,Jakarta Timur,Pulo Gadung,5.0,5.0,4.0,431.0,431.0,2026-04-28T08:13:21.427068+00:00
2691,"Rumah Permata Buana 2,5 lantai 3 kamar tidur siap huni",6900000000.0,Jakarta Barat,Permata Buana,3.0,3.0,,144.0,347.0,2026-04-28T04:26:29.781226+00:00
6333,Ay. Dijual Cepat Rumah di Jalan Condet Raya,7300000000.0,Jakarta Timur,Jakarta Garden City,7.0,5.0,,350.0,200.0,2026-04-28T08:00:33.094198+00:00
4917,Promo Free PPN - Rumah 8X20 Golf Island Brand New bisa KPR - Segera Terjual!,5400000000.0,Jakarta Utara,Golf Island,4.0,4.0,2.0,160.0,174.0,2026-04-28T06:39:42.547391+00:00
8172,Rumah di Menteng Inti Lokasi Terbaik Jarang Dijual di Situbondo,52000000000.0,Jakarta Pusat,Menteng,5.0,5.0,,639.0,400.0,2026-04-28T09:59:10.404782+00:00
9969,Dijual Rumah Mewah di Menteng Jakarta Pusat 753M2 Newly Renovated,58000000000.0,Jakarta Pusat,Menteng,3.0,3.0,4.0,753.0,550.0,2026-04-28T11:36:23.217038+00:00
4507,Jual Cepat Rumah di Koja Jakut Akses Jalan 2 Mobil,2900000000.0,Jakarta Utara,Koja,2.0,2.0,,177.0,300.0,2026-04-28T06:11:32.771779+00:00
586,Rumah Mewah Siap Huni Ada Pool di Cilandak Kko,8900000000.0,Jakarta Selatan,Cilandak,6.0,6.0,4.0,370.0,400.0,2026-04-28T02:20:44.526570+00:00
2188,"Unit Baru di Hook!! Fleksibilitas Desain, Program Spesial Pembelian, Skema Cicilan Dp Selama Masa Inden",2300000000.0,Jakarta Barat,Meruya,3.0,3.0,2.0,92.0,84.0,2026-04-28T03:58:39.117898+00:00
3034,Frans Cen-Dijual Rumah Baru Duri Kepa 3Lt..Baru Minimalis..Wow LT : 6X18/ 3Lt,3600000000.0,Jakarta Barat,Duri Kepa,3.0,3.0,2.0,108.0,180.0,2026-04-28T04:46:21.498432+00:00
4146,Rumah 2 Lantai Pik2 California Jual Cepat Best Deal Bagus,999000000.0,Jakarta Utara,Pantai Indah Kapuk 2,2.0,2.0,1.0,45.0,54.0,2026-04-28T05:51:55.332946+00:00
4709,Rumah Mewah Siap Huni Katamaran Indah Pik 1,20000000000.0,Jakarta Utara,Pantai Indah Kapuk,8.0,10.0,,420.0,1200.0,2026-04-28T06:25:50.078826+00:00
9143,Rumah Cideng Jakpus 136M² - SHM - Strategis - Cocok Kost Hunian,2600000000.0,Jakarta Pusat,Cideng,3.0,1.0,,136.0,150.0,2026-04-28T10:51:40.008311+00:00
8120,Rumah.baru.di.percetakan Negara Rawasari Cempaka Putih. Jakarta Pusat,1040000000.0,Jakarta Pusat,Percetakan Negara,2.0,2.0,1.0,30.0,58.0,2026-04-28T09:56:05.979340+00:00
4075,Murah Rumah Akasia Bgm Pik 12X25 Pik Pantai Indah Kapuk,12500000000.0,Jakarta Utara,Pantai Indah Kapuk,4.0,4.0,,300.0,500.0,2026-04-28T05:47:58.543423+00:00
279,Rumah Mewah Murah di Cinere Jaksel Dekat Tol Brigif Jaksel Murah,1400000000.0,Jakarta Selatan,Cinere,3.0,3.0,2.0,86.0,92.0,2026-04-28T02:03:44.927785+00:00
6382,"Rumah 2 Lantai di Cluster North Mississippi, Jakarta Garden City Siap Huni",1700000000.0,Jakarta Timur,Jakarta Garden City,4.0,4.0,2.0,90.0,95.0,2026-04-28T08:03:19.499035+00:00
5561,Dijual Rumah Cantikdi Gading Grande Luas 90,3400000000.0,Jakarta Utara,Kelapa Gading,4.0,4.0,1.0,90.0,180.0,2026-04-28T07:17:17.705506+00:00
8301,Rumah Baru Dijual Cempaka Putih Sisa 1 Unit Lokasi Prime Jakarta Pusat,5670000000.0,Jakarta Pusat,Cempaka Putih,5.0,,,133.0,220.0,2026-04-28T10:06:14.325811+00:00
3458,"Rumah Siap Huni 3 Lantai di Jelambar dekat Pakuon, Jakarta Barat",1200000000.0,Jakarta Barat,Jelambar,4.0,3.0,1.0,60.0,180.0,2026-04-28T05:11:25.865706+00:00
134,Dijual Rumah Nyaman di Pondok Indah,8500000000.0,Jakarta Selatan,Pondok Indah,3.0,4.0,2.0,200.0,300.0,2026-04-28T01:56:07.997699+00:00
5885,Jual Murah..... di Bawah NJOP.... Rumah5 Kamar di Kelapa Gading,3300000000.0,Jakarta Utara,Kelapa Gading,5.0,3.0,2.0,200.0,300.0,2026-04-28T07:34:42.694944+00:00
4665,"Rumah 2,5Lt Sunter Sts Garden Agung Permai Paradise Siap Huni Bu",3400000000.0,Jakarta Utara,Sunter,5.0,4.0,2.0,120.0,270.0,2026-04-28T06:21:56.346268+00:00
9883,Rumah 20 KT Percetakan Negara: Potensi Kost Eksklusif & Misi Sosial,11000000000.0,Jakarta Pusat,Cempaka Putih,20.0,16.0,1.0,309.0,660.0,2026-04-28T11:31:47.731233+00:00
6118,Rumah Kondisi Baru Punya 2 Lantai & 3 KT Mewah Premium di Jakarta,2300000000.0,Jakarta Timur,Cakung,3.0,3.0,2.0,84.0,87.0,2026-04-28T07:48:17.533584+00:00
6237,For Sale Rumah Premium Jakarta 2 Lantai Dekat Akses Mall dan Tol,1900000000.0,Jakarta Timur,Duren Sawit,3.0,2.0,2.0,70.0,98.0,2026-04-28T07:55:06.524467+00:00
2181,"Tunjung Raya, Tomang",7000000000.0,Jakarta Barat,Tomang,6.0,3.0,2.0,258.0,196.0,2026-04-28T03:58:13.829187+00:00
126,Jual Rumah di Vasa Jagakarsa Dekat Akses Tol,2300000000.0,Jakarta Selatan,Jagakarsa,4.0,3.0,1.0,91.0,90.0,2026-04-28T01:55:42.655482+00:00
6072,Rumah 3 Lt SHM Siap Huni 10 Menit ke Mall Ciputra Cibubur J-39285,2770000000.0,Jakarta Timur,Cibubur,5.0,4.0,,175.0,425.0,2026-04-28T07:45:51.419412+00:00
7839,"Dijual Cepat Rmh Hook, Kayu Putih, Pulomas, Jkt Timur",11700000000.0,Jakarta Timur,Pulomas,7.0,7.0,2.0,350.0,600.0,2026-04-28T09:35:53.861692+00:00
8214,"Rumah, SHM, Dekat Akses KRL, Bebas Banjir",45000000000.0,Jakarta Pusat,Menteng,3.0,2.0,1.0,1080.0,230.0,2026-04-28T10:01:26.709068+00:00
7848,Rumah Dijual Di Pulo Asem Utara Rawamangun Jakarta Timur,3500000000.0,Jakarta Timur,Pulo Asem,5.0,3.0,,174.0,145.0,2026-04-28T09:36:23.818106+00:00
7099,Rumah Hitung Tanah dalam Komplek di Pondok Kelapa Jakarta Timur,6800000000.0,Jakarta Timur,Pondok Kelapa,3.0,3.0,4.0,591.0,350.0,2026-04-28T08:43:52.797791+00:00
9259,Rumah Baru Bagus Menteng Daerah Paling Elite,58000000000.0,Jakarta Pusat,Menteng,6.0,6.0,4.0,753.0,520.0,2026-04-28T10:57:53.484637+00:00
1528,"Rumah Modern Kemang Jakarta Selatan, Bebas Banjir, Harga Murah",7500000000.0,Jakarta Selatan,Kemang,5.0,5.0,3.0,260.0,400.0,2026-04-28T03:17:13.809964+00:00
1150,Rumah Mewah Kebayoran Lama Jaksel Siap Huni Lokasi Strategis,17000000000.0,Jakarta Selatan,Kebayoran Lama,5.0,4.0,4.0,363.0,500.0,2026-04-28T02:52:39.606888+00:00
4409,"Rumah Mewah di Cluster Elit - Bukit Gading Villa, Kelapa Gading",35000000000.0,Jakarta Utara,Kelapa Gading,4.0,4.0,4.0,504.0,700.0,2026-04-28T06:06:16.361354+00:00
9738,Rumah 3 Lantai Senen Jakarta Pusat Rp 8.5 M Nego Rumah 3 Lantai Shm Bagus,8500000000.0,Jakarta Pusat,Senen,3.0,3.0,4.0,324.0,450.0,2026-04-28T11:24:02.932626+00:00
2326,Rumah Hitung Tanah Dijual Permata Buana Hadap Selatan - 200M2,5350000000.0,Jakarta Barat,Permata Buana,3.0,1.0,2.0,200.0,150.0,2026-04-28T04:06:17.729914+00:00
7882,"Rumah Berkontur Unik, Kokoh, Dekat ke Jalan Raya Bogor",8000000000.0,Jakarta Timur,Kalisari,9.0,7.0,6.0,732.0,600.0,2026-04-28T09:38:22.223594+00:00
7129,Dijual Cepat Rumah Di Jln Pedati Raya - Jatinegara - Kampung Melayu,7900000000.0,Jakarta Timur,Jatinegara,6.0,3.0,4.0,433.0,176.0,2026-04-28T08:45:48.326436+00:00
4830,"Dijual Rumah di Kelapa Nias, Kelapa Gading",5450000000.0,Jakarta Utara,Kelapa Gading,5.0,4.0,2.0,300.0,400.0,2026-04-28T06:34:37.057540+00:00
8507,Rumah Jakbar Turun Harga Dari 7M Menjadi 5M,5200000000.0,Jakarta Pusat,Johar Baru,6.0,3.0,4.0,200.0,150.0,2026-04-28T10:17:14.722288+00:00
